{
  "backend": "ibm_brisbane",
  "num_qubits": 2,
  "max_depth": 10,
  "shots_per_depth": 1000,
  "results": {
    "depths": [
      1,
      2,
      3,
      4,
      5,
      6,
      7,
      8,
      9,
      10
    ],
    "success_rates": [
      0.98,
      0.269,
      0.265,
      0.253,
      0.007,
      0.255,
      0.265,
      0.232,
      0.989,
      0.248
    ],
    "error_rates": [
      0.020000000000000018,
      0.731,
      0.735,
      0.747,
      0.993,
      0.745,
      0.735,
      0.768,
      0.01100000000000001,
      0.752
    ],
    "execution_times": [
      36.69506788253784,
      36.52575397491455,
      35.25022530555725,
      35.4163498878479,
      35.81687378883362,
      34.99766302108765,
      35.25730895996094,
      36.17669987678528,
      35.0130889415741,
      35.584144115448
    ],
    "gate_counts": [
      14,
      18,
      14,
      9,
      14,
      18,
      15,
      9,
      14,
      19
    ]
  }
}